-----
Sausis
-----
2010-01-01 - Penktadienis

2010-01-02 - Šeštadienis

2010-01-03 - Sekmadienis

2010-01-04 - Pirmadienis

2010-01-05 - Antradienis

2010-01-06 - Trečiadienis

2010-01-07 - Ketvirtadienis

2010-01-08 - Penktadienis

2010-01-09 - Šeštadienis

2010-01-10 - Sekmadienis

2010-01-11 - Pirmadienis

2010-01-12 - Antradienis

2010-01-13 - Trečiadienis

2010-01-14 - Ketvirtadienis

2010-01-15 - Penktadienis

2010-01-16 - Šeštadienis

2010-01-17 - Sekmadienis

2010-01-18 - Pirmadienis

2010-01-19 - Antradienis

2010-01-20 - Trečiadienis

2010-01-21 - Ketvirtadienis

2010-01-22 - Penktadienis

2010-01-23 - Šeštadienis

2010-01-24 - Sekmadienis

2010-01-25 - Pirmadienis

2010-01-26 - Antradienis

2010-01-27 - Trečiadienis

2010-01-28 - Ketvirtadienis

2010-01-29 - Penktadienis

2010-01-30 - Šeštadienis

2010-01-31 - Sekmadienis

-----
Vasaris
-----
2010-02-01 - Pirmadienis

2010-02-02 - Antradienis

2010-02-03 - Trečiadienis

2010-02-04 - Ketvirtadienis

2010-02-05 - Penktadienis

2010-02-06 - Šeštadienis

2010-02-07 - Sekmadienis

2010-02-08 - Pirmadienis

2010-02-09 - Antradienis

2010-02-10 - Trečiadienis

2010-02-11 - Ketvirtadienis

2010-02-12 - Penktadienis

2010-02-13 - Šeštadienis

2010-02-14 - Sekmadienis

2010-02-15 - Pirmadienis

2010-02-16 - Antradienis

2010-02-17 - Trečiadienis

2010-02-18 - Ketvirtadienis

2010-02-19 - Penktadienis

2010-02-20 - Šeštadienis

2010-02-21 - Sekmadienis

2010-02-22 - Pirmadienis

2010-02-23 - Antradienis

2010-02-24 - Trečiadienis

2010-02-25 - Ketvirtadienis

2010-02-26 - Penktadienis

2010-02-27 - Šeštadienis

2010-02-28 - Sekmadienis

-----
Kovas
-----
2010-03-01 - Pirmadienis

2010-03-02 - Antradienis

2010-03-03 - Trečiadienis

2010-03-04 - Ketvirtadienis

2010-03-05 - Penktadienis

2010-03-06 - Šeštadienis

2010-03-07 - Sekmadienis

2010-03-08 - Pirmadienis

2010-03-09 - Antradienis

2010-03-10 - Trečiadienis

2010-03-11 - Ketvirtadienis

2010-03-12 - Penktadienis

2010-03-13 - Šeštadienis

2010-03-14 - Sekmadienis

2010-03-15 - Pirmadienis

2010-03-16 - Antradienis

2010-03-17 - Trečiadienis

2010-03-18 - Ketvirtadienis

2010-03-19 - Penktadienis

2010-03-20 - Šeštadienis
https://www.savaite.lt/docs/s111.pdf

2010-03-21 - Sekmadienis
https://www.savaite.lt/docs/s111.pdf

2010-03-22 - Pirmadienis
https://www.savaite.lt/docs/s111.pdf

2010-03-23 - Antradienis
https://www.savaite.lt/docs/s111.pdf

2010-03-24 - Trečiadienis
https://www.savaite.lt/docs/s111.pdf

2010-03-25 - Ketvirtadienis
https://www.savaite.lt/docs/s111.pdf

2010-03-26 - Penktadienis
https://www.savaite.lt/docs/s111.pdf

2010-03-27 - Šeštadienis
https://www.savaite.lt/docs/s112.pdf

2010-03-28 - Sekmadienis
https://www.savaite.lt/docs/s112.pdf

2010-03-29 - Pirmadienis
https://www.savaite.lt/docs/s112.pdf

2010-03-30 - Antradienis
https://www.savaite.lt/docs/s112.pdf

2010-03-31 - Trečiadienis
https://www.savaite.lt/docs/s112.pdf

-----
Balandis
-----
2010-04-01 - Ketvirtadienis
https://www.savaite.lt/docs/s112.pdf

2010-04-02 - Penktadienis
https://www.savaite.lt/docs/s112.pdf

2010-04-03 - Šeštadienis
https://www.savaite.lt/docs/s113.pdf

2010-04-04 - Sekmadienis
https://www.savaite.lt/docs/s113.pdf

2010-04-05 - Pirmadienis
https://www.savaite.lt/docs/s113.pdf

2010-04-06 - Antradienis
https://www.savaite.lt/docs/s113.pdf

2010-04-07 - Trečiadienis
https://www.savaite.lt/docs/s113.pdf

2010-04-08 - Ketvirtadienis
https://www.savaite.lt/docs/s113.pdf

2010-04-09 - Penktadienis
https://www.savaite.lt/docs/s113.pdf

2010-04-10 - Šeštadienis
https://www.savaite.lt/docs/s114.pdf

2010-04-11 - Sekmadienis
https://www.savaite.lt/docs/s114.pdf

2010-04-12 - Pirmadienis
https://www.savaite.lt/docs/s114.pdf

2010-04-13 - Antradienis
https://www.savaite.lt/docs/s114.pdf

2010-04-14 - Trečiadienis
https://www.savaite.lt/docs/s114.pdf

2010-04-15 - Ketvirtadienis
https://www.savaite.lt/docs/s114.pdf

2010-04-16 - Penktadienis
https://www.savaite.lt/docs/s114.pdf

2010-04-17 - Šeštadienis
https://www.savaite.lt/docs/s115.pdf

2010-04-18 - Sekmadienis
https://www.savaite.lt/docs/s115.pdf

2010-04-19 - Pirmadienis
https://www.savaite.lt/docs/s115.pdf

2010-04-20 - Antradienis
https://www.savaite.lt/docs/s115.pdf

2010-04-21 - Trečiadienis
https://www.savaite.lt/docs/s115.pdf

2010-04-22 - Ketvirtadienis
https://www.savaite.lt/docs/s115.pdf

2010-04-23 - Penktadienis
https://www.savaite.lt/docs/s115.pdf

2010-04-24 - Šeštadienis
https://www.savaite.lt/docs/s116.pdf

2010-04-25 - Sekmadienis
https://www.savaite.lt/docs/s116.pdf

2010-04-26 - Pirmadienis
https://www.savaite.lt/docs/s116.pdf

2010-04-27 - Antradienis
https://www.savaite.lt/docs/s116.pdf

2010-04-28 - Trečiadienis
https://www.savaite.lt/docs/s116.pdf

2010-04-29 - Ketvirtadienis
https://www.savaite.lt/docs/s116.pdf

2010-04-30 - Penktadienis
https://www.savaite.lt/docs/s116.pdf

-----
Gegužė
-----
2010-05-01 - Šeštadienis
https://www.savaite.lt/docs/s117.pdf

2010-05-02 - Sekmadienis
https://www.savaite.lt/docs/s117.pdf

2010-05-03 - Pirmadienis
https://www.savaite.lt/docs/s117.pdf

2010-05-04 - Antradienis
https://www.savaite.lt/docs/s117.pdf

2010-05-05 - Trečiadienis
https://www.savaite.lt/docs/s117.pdf

2010-05-06 - Ketvirtadienis
https://www.savaite.lt/docs/s117.pdf

2010-05-07 - Penktadienis
https://www.savaite.lt/docs/s117.pdf

2010-05-08 - Šeštadienis
https://www.savaite.lt/docs/s118.pdf

2010-05-09 - Sekmadienis
https://www.savaite.lt/docs/s118.pdf

2010-05-10 - Pirmadienis
https://www.savaite.lt/docs/s118.pdf

2010-05-11 - Antradienis
https://www.savaite.lt/docs/s118.pdf

2010-05-12 - Trečiadienis
https://www.savaite.lt/docs/s118.pdf

2010-05-13 - Ketvirtadienis
https://www.savaite.lt/docs/s118.pdf

2010-05-14 - Penktadienis
https://www.savaite.lt/docs/s118.pdf

2010-05-15 - Šeštadienis
https://www.savaite.lt/docs/s119.pdf

2010-05-16 - Sekmadienis
https://www.savaite.lt/docs/s119.pdf

2010-05-17 - Pirmadienis
https://www.savaite.lt/docs/s119.pdf

2010-05-18 - Antradienis
https://www.savaite.lt/docs/s119.pdf

2010-05-19 - Trečiadienis
https://www.savaite.lt/docs/s119.pdf

2010-05-20 - Ketvirtadienis
https://www.savaite.lt/docs/s119.pdf

2010-05-21 - Penktadienis
https://www.savaite.lt/docs/s119.pdf

2010-05-22 - Šeštadienis
https://www.savaite.lt/docs/s120.pdf

2010-05-23 - Sekmadienis
https://www.savaite.lt/docs/s120.pdf

2010-05-24 - Pirmadienis
https://www.savaite.lt/docs/s120.pdf

2010-05-25 - Antradienis
https://www.savaite.lt/docs/s120.pdf

2010-05-26 - Trečiadienis
https://www.savaite.lt/docs/s120.pdf

2010-05-27 - Ketvirtadienis
https://www.savaite.lt/docs/s120.pdf

2010-05-28 - Penktadienis
https://www.savaite.lt/docs/s120.pdf

2010-05-29 - Šeštadienis
https://www.savaite.lt/docs/s121.pdf

2010-05-30 - Sekmadienis
https://www.savaite.lt/docs/s121.pdf

2010-05-31 - Pirmadienis
https://www.savaite.lt/docs/s121.pdf

-----
Birželis
-----
2010-06-01 - Antradienis
https://www.savaite.lt/docs/s121.pdf

2010-06-02 - Trečiadienis
https://www.savaite.lt/docs/s121.pdf

2010-06-03 - Ketvirtadienis
https://www.savaite.lt/docs/s121.pdf

2010-06-04 - Penktadienis
https://www.savaite.lt/docs/s121.pdf

2010-06-05 - Šeštadienis
https://www.savaite.lt/docs/s122.pdf

2010-06-06 - Sekmadienis
https://www.savaite.lt/docs/s122.pdf

2010-06-07 - Pirmadienis
https://www.savaite.lt/docs/s122.pdf

2010-06-08 - Antradienis
https://www.savaite.lt/docs/s122.pdf

2010-06-09 - Trečiadienis
https://www.savaite.lt/docs/s122.pdf

2010-06-10 - Ketvirtadienis
https://www.savaite.lt/docs/s122.pdf

2010-06-11 - Penktadienis
https://www.savaite.lt/docs/s122.pdf

2010-06-12 - Šeštadienis
https://www.savaite.lt/docs/s123.pdf

2010-06-13 - Sekmadienis
https://www.savaite.lt/docs/s123.pdf

2010-06-14 - Pirmadienis
https://www.savaite.lt/docs/s123.pdf

2010-06-15 - Antradienis
https://www.savaite.lt/docs/s123.pdf

2010-06-16 - Trečiadienis
https://www.savaite.lt/docs/s123.pdf

2010-06-17 - Ketvirtadienis
https://www.savaite.lt/docs/s123.pdf

2010-06-18 - Penktadienis
https://www.savaite.lt/docs/s123.pdf

2010-06-19 - Šeštadienis
https://www.savaite.lt/docs/s124.pdf

2010-06-20 - Sekmadienis
https://www.savaite.lt/docs/s124.pdf

2010-06-21 - Pirmadienis
https://www.savaite.lt/docs/s124.pdf

2010-06-22 - Antradienis
https://www.savaite.lt/docs/s124.pdf

2010-06-23 - Trečiadienis
https://www.savaite.lt/docs/s124.pdf

2010-06-24 - Ketvirtadienis
https://www.savaite.lt/docs/s124.pdf

2010-06-25 - Penktadienis
https://www.savaite.lt/docs/s124.pdf

2010-06-26 - Šeštadienis
https://www.savaite.lt/docs/s125.pdf

2010-06-27 - Sekmadienis
https://www.savaite.lt/docs/s125.pdf

2010-06-28 - Pirmadienis
https://www.savaite.lt/docs/s125.pdf

2010-06-29 - Antradienis
https://www.savaite.lt/docs/s125.pdf

2010-06-30 - Trečiadienis
https://www.savaite.lt/docs/s125.pdf

-----
Liepa
-----
2010-07-01 - Ketvirtadienis
https://www.savaite.lt/docs/s125.pdf

2010-07-02 - Penktadienis
https://www.savaite.lt/docs/s125.pdf

2010-07-03 - Šeštadienis
https://www.savaite.lt/docs/s126.pdf

2010-07-04 - Sekmadienis
https://www.savaite.lt/docs/s126.pdf

2010-07-05 - Pirmadienis
https://www.savaite.lt/docs/s126.pdf

2010-07-06 - Antradienis
https://www.savaite.lt/docs/s126.pdf

2010-07-07 - Trečiadienis
https://www.savaite.lt/docs/s126.pdf

2010-07-08 - Ketvirtadienis
https://www.savaite.lt/docs/s126.pdf

2010-07-09 - Penktadienis
https://www.savaite.lt/docs/s126.pdf

2010-07-10 - Šeštadienis
https://www.savaite.lt/docs/s127.pdf

2010-07-11 - Sekmadienis
https://www.savaite.lt/docs/s127.pdf

2010-07-12 - Pirmadienis
https://www.savaite.lt/docs/s127.pdf

2010-07-13 - Antradienis
https://www.savaite.lt/docs/s127.pdf

2010-07-14 - Trečiadienis
https://www.savaite.lt/docs/s127.pdf

2010-07-15 - Ketvirtadienis
https://www.savaite.lt/docs/s127.pdf

2010-07-16 - Penktadienis
https://www.savaite.lt/docs/s127.pdf

2010-07-17 - Šeštadienis
https://www.savaite.lt/docs/s128.pdf

2010-07-18 - Sekmadienis
https://www.savaite.lt/docs/s128.pdf

2010-07-19 - Pirmadienis
https://www.savaite.lt/docs/s128.pdf

2010-07-20 - Antradienis
https://www.savaite.lt/docs/s128.pdf

2010-07-21 - Trečiadienis
https://www.savaite.lt/docs/s128.pdf

2010-07-22 - Ketvirtadienis
https://www.savaite.lt/docs/s128.pdf

2010-07-23 - Penktadienis
https://www.savaite.lt/docs/s128.pdf

2010-07-24 - Šeštadienis
https://www.savaite.lt/docs/s129.pdf

2010-07-25 - Sekmadienis
https://www.savaite.lt/docs/s129.pdf

2010-07-26 - Pirmadienis
https://www.savaite.lt/docs/s129.pdf

2010-07-27 - Antradienis
https://www.savaite.lt/docs/s129.pdf

2010-07-28 - Trečiadienis
https://www.savaite.lt/docs/s129.pdf

2010-07-29 - Ketvirtadienis
https://www.savaite.lt/docs/s129.pdf

2010-07-30 - Penktadienis
https://www.savaite.lt/docs/s129.pdf

2010-07-31 - Šeštadienis
https://www.savaite.lt/docs/s130.pdf

-----
Rugpjūtis
-----
2010-08-01 - Sekmadienis
https://www.savaite.lt/docs/s130.pdf

2010-08-02 - Pirmadienis
https://www.savaite.lt/docs/s130.pdf

2010-08-03 - Antradienis
https://www.savaite.lt/docs/s130.pdf

2010-08-04 - Trečiadienis
https://www.savaite.lt/docs/s130.pdf

2010-08-05 - Ketvirtadienis
https://www.savaite.lt/docs/s130.pdf

2010-08-06 - Penktadienis
https://www.savaite.lt/docs/s130.pdf

2010-08-07 - Šeštadienis
https://www.savaite.lt/docs/s131.pdf

2010-08-08 - Sekmadienis
https://www.savaite.lt/docs/s131.pdf

2010-08-09 - Pirmadienis
https://www.savaite.lt/docs/s131.pdf

2010-08-10 - Antradienis
https://www.savaite.lt/docs/s131.pdf

2010-08-11 - Trečiadienis
https://www.savaite.lt/docs/s131.pdf

2010-08-12 - Ketvirtadienis
https://www.savaite.lt/docs/s131.pdf

2010-08-13 - Penktadienis
https://www.savaite.lt/docs/s131.pdf

2010-08-14 - Šeštadienis
https://www.savaite.lt/docs/s132.pdf

2010-08-15 - Sekmadienis
https://www.savaite.lt/docs/s132.pdf

2010-08-16 - Pirmadienis
https://www.savaite.lt/docs/s132.pdf

2010-08-17 - Antradienis
https://www.savaite.lt/docs/s132.pdf

2010-08-18 - Trečiadienis
https://www.savaite.lt/docs/s132.pdf

2010-08-19 - Ketvirtadienis
https://www.savaite.lt/docs/s132.pdf

2010-08-20 - Penktadienis
https://www.savaite.lt/docs/s132.pdf

2010-08-21 - Šeštadienis
https://www.savaite.lt/docs/s133.pdf

2010-08-22 - Sekmadienis
https://www.savaite.lt/docs/s133.pdf

2010-08-23 - Pirmadienis
https://www.savaite.lt/docs/s133.pdf

2010-08-24 - Antradienis
https://www.savaite.lt/docs/s133.pdf

2010-08-25 - Trečiadienis
https://www.savaite.lt/docs/s133.pdf

2010-08-26 - Ketvirtadienis
https://www.savaite.lt/docs/s133.pdf

2010-08-27 - Penktadienis
https://www.savaite.lt/docs/s133.pdf

2010-08-28 - Šeštadienis
https://www.savaite.lt/docs/s134.pdf

2010-08-29 - Sekmadienis
https://www.savaite.lt/docs/s134.pdf

2010-08-30 - Pirmadienis
https://www.savaite.lt/docs/s134.pdf

2010-08-31 - Antradienis
https://www.savaite.lt/docs/s134.pdf

-----
Rugsėjis
-----
2010-09-01 - Trečiadienis
https://www.savaite.lt/docs/s134.pdf

2010-09-02 - Ketvirtadienis
https://www.savaite.lt/docs/s134.pdf

2010-09-03 - Penktadienis
https://www.savaite.lt/docs/s134.pdf

2010-09-04 - Šeštadienis
https://www.savaite.lt/docs/s135.pdf

2010-09-05 - Sekmadienis
https://www.savaite.lt/docs/s135.pdf

2010-09-06 - Pirmadienis
https://www.savaite.lt/docs/s135.pdf

2010-09-07 - Antradienis
https://www.savaite.lt/docs/s135.pdf

2010-09-08 - Trečiadienis
https://www.savaite.lt/docs/s135.pdf

2010-09-09 - Ketvirtadienis
https://www.savaite.lt/docs/s135.pdf

2010-09-10 - Penktadienis
https://www.savaite.lt/docs/s135.pdf

2010-09-11 - Šeštadienis
https://www.savaite.lt/docs/s136.pdf

2010-09-12 - Sekmadienis
https://www.savaite.lt/docs/s136.pdf

2010-09-13 - Pirmadienis
https://www.savaite.lt/docs/s136.pdf

2010-09-14 - Antradienis
https://www.savaite.lt/docs/s136.pdf

2010-09-15 - Trečiadienis
https://www.savaite.lt/docs/s136.pdf

2010-09-16 - Ketvirtadienis
https://www.savaite.lt/docs/s136.pdf

2010-09-17 - Penktadienis
https://www.savaite.lt/docs/s136.pdf

2010-09-18 - Šeštadienis
https://www.savaite.lt/docs/s137.pdf

2010-09-19 - Sekmadienis
https://www.savaite.lt/docs/s137.pdf

2010-09-20 - Pirmadienis
https://www.savaite.lt/docs/s137.pdf

2010-09-21 - Antradienis
https://www.savaite.lt/docs/s137.pdf

2010-09-22 - Trečiadienis
https://www.savaite.lt/docs/s137.pdf

2010-09-23 - Ketvirtadienis
https://www.savaite.lt/docs/s137.pdf

2010-09-24 - Penktadienis
https://www.savaite.lt/docs/s137.pdf

2010-09-25 - Šeštadienis
https://www.savaite.lt/docs/s138.pdf

2010-09-26 - Sekmadienis
https://www.savaite.lt/docs/s138.pdf

2010-09-27 - Pirmadienis
https://www.savaite.lt/docs/s138.pdf

2010-09-28 - Antradienis
https://www.savaite.lt/docs/s138.pdf

2010-09-29 - Trečiadienis
https://www.savaite.lt/docs/s138.pdf

2010-09-30 - Ketvirtadienis
https://www.savaite.lt/docs/s138.pdf

-----
Spalis
-----
2010-10-01 - Penktadienis
https://www.savaite.lt/docs/s138.pdf

2010-10-02 - Šeštadienis
https://www.savaite.lt/docs/s139.pdf

2010-10-03 - Sekmadienis
https://www.savaite.lt/docs/s139.pdf

2010-10-04 - Pirmadienis
https://www.savaite.lt/docs/s139.pdf

2010-10-05 - Antradienis
https://www.savaite.lt/docs/s139.pdf

2010-10-06 - Trečiadienis
https://www.savaite.lt/docs/s139.pdf

2010-10-07 - Ketvirtadienis
https://www.savaite.lt/docs/s139.pdf

2010-10-08 - Penktadienis
https://www.savaite.lt/docs/s139.pdf

2010-10-09 - Šeštadienis
https://www.savaite.lt/docs/s140.pdf

2010-10-10 - Sekmadienis
https://www.savaite.lt/docs/s140.pdf

2010-10-11 - Pirmadienis
https://www.savaite.lt/docs/s140.pdf

2010-10-12 - Antradienis
https://www.savaite.lt/docs/s140.pdf

2010-10-13 - Trečiadienis
https://www.savaite.lt/docs/s140.pdf

2010-10-14 - Ketvirtadienis
https://www.savaite.lt/docs/s140.pdf

2010-10-15 - Penktadienis
https://www.savaite.lt/docs/s140.pdf

2010-10-16 - Šeštadienis
https://www.savaite.lt/docs/s141.pdf

2010-10-17 - Sekmadienis
https://www.savaite.lt/docs/s141.pdf

2010-10-18 - Pirmadienis
https://www.savaite.lt/docs/s141.pdf

2010-10-19 - Antradienis
https://www.savaite.lt/docs/s141.pdf

2010-10-20 - Trečiadienis
https://www.savaite.lt/docs/s141.pdf

2010-10-21 - Ketvirtadienis
https://www.savaite.lt/docs/s141.pdf

2010-10-22 - Penktadienis
https://www.savaite.lt/docs/s141.pdf

2010-10-23 - Šeštadienis
https://www.savaite.lt/docs/s142.pdf

2010-10-24 - Sekmadienis
https://www.savaite.lt/docs/s142.pdf

2010-10-25 - Pirmadienis
https://www.savaite.lt/docs/s142.pdf

2010-10-26 - Antradienis
https://www.savaite.lt/docs/s142.pdf

2010-10-27 - Trečiadienis
https://www.savaite.lt/docs/s142.pdf

2010-10-28 - Ketvirtadienis
https://www.savaite.lt/docs/s142.pdf

2010-10-29 - Penktadienis
https://www.savaite.lt/docs/s142.pdf

2010-10-30 - Šeštadienis
https://www.savaite.lt/docs/s143.pdf

2010-10-31 - Sekmadienis
https://www.savaite.lt/docs/s143.pdf

-----
Lapkritis
-----
2010-11-01 - Pirmadienis
https://www.savaite.lt/docs/s143.pdf

2010-11-02 - Antradienis
https://www.savaite.lt/docs/s143.pdf

2010-11-03 - Trečiadienis
https://www.savaite.lt/docs/s143.pdf

2010-11-04 - Ketvirtadienis
https://www.savaite.lt/docs/s143.pdf

2010-11-05 - Penktadienis
https://www.savaite.lt/docs/s143.pdf

2010-11-06 - Šeštadienis
https://www.savaite.lt/docs/s144.pdf

2010-11-07 - Sekmadienis
https://www.savaite.lt/docs/s144.pdf

2010-11-08 - Pirmadienis
https://www.savaite.lt/docs/s144.pdf

2010-11-09 - Antradienis
https://www.savaite.lt/docs/s144.pdf

2010-11-10 - Trečiadienis
https://www.savaite.lt/docs/s144.pdf

2010-11-11 - Ketvirtadienis
https://www.savaite.lt/docs/s144.pdf

2010-11-12 - Penktadienis
https://www.savaite.lt/docs/s144.pdf

2010-11-13 - Šeštadienis
https://www.savaite.lt/docs/s145.pdf

2010-11-14 - Sekmadienis
https://www.savaite.lt/docs/s145.pdf

2010-11-15 - Pirmadienis
https://www.savaite.lt/docs/s145.pdf

2010-11-16 - Antradienis
https://www.savaite.lt/docs/s145.pdf

2010-11-17 - Trečiadienis
https://www.savaite.lt/docs/s145.pdf

2010-11-18 - Ketvirtadienis
https://www.savaite.lt/docs/s145.pdf

2010-11-19 - Penktadienis
https://www.savaite.lt/docs/s145.pdf

2010-11-20 - Šeštadienis
https://www.savaite.lt/docs/s146.pdf

2010-11-21 - Sekmadienis
https://www.savaite.lt/docs/s146.pdf

2010-11-22 - Pirmadienis
https://www.savaite.lt/docs/s146.pdf

2010-11-23 - Antradienis
https://www.savaite.lt/docs/s146.pdf

2010-11-24 - Trečiadienis
https://www.savaite.lt/docs/s146.pdf

2010-11-25 - Ketvirtadienis
https://www.savaite.lt/docs/s146.pdf

2010-11-26 - Penktadienis
https://www.savaite.lt/docs/s146.pdf

2010-11-27 - Šeštadienis
https://www.savaite.lt/docs/s147.pdf

2010-11-28 - Sekmadienis
https://www.savaite.lt/docs/s147.pdf

2010-11-29 - Pirmadienis
https://www.savaite.lt/docs/s147.pdf

2010-11-30 - Antradienis
https://www.savaite.lt/docs/s147.pdf

-----
Gruodis
-----
2010-12-01 - Trečiadienis
https://www.savaite.lt/docs/s147.pdf

2010-12-02 - Ketvirtadienis
https://www.savaite.lt/docs/s147.pdf

2010-12-03 - Penktadienis
https://www.savaite.lt/docs/s147.pdf

2010-12-04 - Šeštadienis
https://www.savaite.lt/docs/s148.pdf

2010-12-05 - Sekmadienis
https://www.savaite.lt/docs/s148.pdf

2010-12-06 - Pirmadienis
https://www.savaite.lt/docs/s148.pdf

2010-12-07 - Antradienis
https://www.savaite.lt/docs/s148.pdf

2010-12-08 - Trečiadienis
https://www.savaite.lt/docs/s148.pdf

2010-12-09 - Ketvirtadienis
https://www.savaite.lt/docs/s148.pdf

2010-12-10 - Penktadienis
https://www.savaite.lt/docs/s148.pdf

2010-12-11 - Šeštadienis
https://www.savaite.lt/docs/s149.pdf

2010-12-12 - Sekmadienis
https://www.savaite.lt/docs/s149.pdf

2010-12-13 - Pirmadienis
https://www.savaite.lt/docs/s149.pdf

2010-12-14 - Antradienis
https://www.savaite.lt/docs/s149.pdf

2010-12-15 - Trečiadienis
https://www.savaite.lt/docs/s149.pdf

2010-12-16 - Ketvirtadienis
https://www.savaite.lt/docs/s149.pdf

2010-12-17 - Penktadienis
https://www.savaite.lt/docs/s149.pdf

2010-12-18 - Šeštadienis
https://www.savaite.lt/docs/s150.pdf

2010-12-19 - Sekmadienis
https://www.savaite.lt/docs/s150.pdf

2010-12-20 - Pirmadienis
https://www.savaite.lt/docs/s150.pdf

2010-12-21 - Antradienis
https://www.savaite.lt/docs/s150.pdf

2010-12-22 - Trečiadienis
https://www.savaite.lt/docs/s150.pdf

2010-12-23 - Ketvirtadienis
https://www.savaite.lt/docs/s150.pdf

2010-12-24 - Penktadienis
https://www.savaite.lt/docs/s150.pdf

2010-12-25 - Šeštadienis
https://www.savaite.lt/docs/s151.pdf

2010-12-26 - Sekmadienis
https://www.savaite.lt/docs/s151.pdf

2010-12-27 - Pirmadienis
https://www.savaite.lt/docs/s151.pdf

2010-12-28 - Antradienis
https://www.savaite.lt/docs/s151.pdf

2010-12-29 - Trečiadienis
https://www.savaite.lt/docs/s151.pdf

2010-12-30 - Ketvirtadienis
https://www.savaite.lt/docs/s151.pdf

2010-12-31 - Penktadienis
https://www.savaite.lt/docs/s151.pdf
